optimizer,scale,n_params,steps,seed,final_train,final_val,final_ppl,avg_last_20,auc,total_time_s,tokens_per_sec,peak_mem_gb
adamw,1M,837888,200,42,2.6237757205963135,2.680860481262207,14.597648896524271,2.651871347427368,3.267444581985474,544.8934243000112,751.7066305694295,0.01248563826084137
scao,1M,837888,200,42,2.755004644393921,2.8124120807647706,16.650031041261926,2.7797602295875548,3.355783064365387,719.2764292000793,569.4611742741574,0.02484196424484253
